censor_structure,structure_label,seeds,fso_auac,fso_ci_low,fso_ci_high,session_failover_auac,session_failover_ci_low,session_failover_ci_high,generated_only_auac,generated_only_ci_low,generated_only_ci_high,fso_minus_session,fso_minus_session_ci_low,fso_minus_session_ci_high,session_minus_generated,session_minus_generated_ci_low,session_minus_generated_ci_high,mean_ordering_fso_ge_session_ge_generated,seed_ordering_fraction
classifier_dominant,Classifier-dominant path model,20,0.9217274305555554,0.9190277777777778,0.9243669704861112,0.9066927083333333,0.9035585937499998,0.9096879340277778,0.8274131944444445,0.823341796875,0.8313982204861113,0.015034722222222236,0.011718532986111111,0.018142361111111123,0.07927951388888886,0.07469574652777776,0.08424522569444443,1,0.9
endpoint_discovery_dominant,Endpoint-discovery model,20,0.9358680555555555,0.927499782986111,0.9433361545138891,0.9211892361111111,0.9141388888888891,0.9271445312500001,0.8323611111111109,0.7960826822916667,0.8626150173611111,0.01467881944444443,0.010667968749999975,0.017673828124999996,0.088828125,0.0625505642361111,0.11918402777777774,1,0.95
resource_bounded_composed,Resource-bounded composed model,20,0.9281944444444445,0.924122829861111,0.9319622395833335,0.9121006944444444,0.9076907552083333,0.9164322916666666,0.8440538194444447,0.8380190972222223,0.8500694444444443,0.016093749999999997,0.013793402777777797,0.018680555555555544,0.06804687500000002,0.06478211805555557,0.071380859375,1,1.0
adaptive_composed,Adaptive composed model,20,0.9147569444444443,0.9094615885416667,0.919705512152778,0.8960677083333332,0.8902424045138889,0.9015371093750002,0.80171875,0.7867272135416666,0.8153741319444445,0.018689236111111108,0.016466796875000002,0.021215711805555558,0.09434895833333334,0.08499045138888886,0.1046625434027778,1,1.0
