censor_structure,structure_label,seeds,fso_auac,fso_ci_low,fso_ci_high,session_failover_auac,session_failover_ci_low,session_failover_ci_high,generated_only_auac,generated_only_ci_low,generated_only_ci_high,fso_minus_session,fso_minus_session_ci_low,fso_minus_session_ci_high,session_minus_generated,session_minus_generated_ci_low,session_minus_generated_ci_high,mean_ordering_fso_ge_session_ge_generated,seed_ordering_fraction
classifier_dominant,Classifier-dominant path model,20,0.9217274305555554,0.9188878038194445,0.9244450954861111,0.9066927083333333,0.9037586805555555,0.9096966145833333,0.8274131944444445,0.8233589409722223,0.8314420572916666,0.015034722222222236,0.011786892361111117,0.018212673611111133,0.07927951388888886,0.07469574652777776,0.08424522569444443,1,0.9
endpoint_discovery_dominant,Endpoint-discovery model,20,0.9358680555555555,0.9270295138888889,0.9431089409722223,0.9211892361111111,0.9143487413194445,0.9270577256944443,0.8323611111111109,0.795841579861111,0.8638292100694446,0.01467881944444443,0.010859157986111088,0.01768272569444444,0.088828125,0.0625505642361111,0.11918402777777774,1,0.95
resource_bounded_composed,Resource-bounded composed model,20,0.9281944444444445,0.9241056857638892,0.9321180555555555,0.9121006944444444,0.9078732638888889,0.9161375868055556,0.8440538194444447,0.8376035156249999,0.849939453125,0.016093749999999997,0.013732204861111093,0.0187068142361111,0.06804687500000002,0.06478211805555557,0.071380859375,1,1.0
adaptive_composed,Adaptive composed model,20,0.9147569444444443,0.9091130642361114,0.9198526475694444,0.8960677083333332,0.8902074652777779,0.9016495225694444,0.80171875,0.7872823350694443,0.8150720486111112,0.018689236111111108,0.016449652777777775,0.02135438368055556,0.09434895833333334,0.08499045138888886,0.1046625434027778,1,1.0
